DATAFLOW,LAST UPDATE,freq,unit,age,sex,geo,TIME_PERIOD,OBS_VALUE,OBS_FLAG,CONF_STATUS
ESTAT:DEMO_PJAN(1.0),22/01/26 11:00:00,Annual,Number,Total,Total,Andorra,2019,76177,,
ESTAT:DEMO_PJAN(1.0),22/01/26 11:00:00,Annual,Number,Total,Total,Albania,2018,2870324,,
ESTAT:DEMO_PJAN(1.0),22/01/26 11:00:00,Annual,Number,Total,Total,Albania,2019,2862427,,
ESTAT:DEMO_PJAN(1.0),22/01/26 11:00:00,Annual,Number,Total,Total,Albania,2020,2845955,,
ESTAT:DEMO_PJAN(1.0),22/01/26 11:00:00,Annual,Number,Total,Total,Albania,2021,2829741,,
ESTAT:DEMO_PJAN(1.0),22/01/26 11:00:00,Annual,Number,Total,Total,Albania,2022,2793592,,
ESTAT:DEMO_PJAN(1.0),22/01/26 11:00:00,Annual,Number,Total,Total,Albania,2023,2761785,,
ESTAT:DEMO_PJAN(1.0),22/01/26 11:00:00,Annual,Number,Total,Total,Armenia,2018,2972732,,
ESTAT:DEMO_PJAN(1.0),22/01/26 11:00:00,Annual,Number,Total,Total,Armenia,2019,2965269,,
ESTAT:DEMO_PJAN(1.0),22/01/26 11:00:00,Annual,Number,Total,Total,Armenia,2020,2959694,,
ESTAT:DEMO_PJAN(1.0),22/01/26 11:00:00,Annual,Number,Total,Total,Armenia,2021,2963251,,
ESTAT:DEMO_PJAN(1.0),22/01/26 11:00:00,Annual,Number,Total,Total,Armenia,2023,2977130,,
ESTAT:DEMO_PJAN(1.0),22/01/26 11:00:00,Annual,Number,Total,Total,Austria,2018,8822267,,
ESTAT:DEMO_PJAN(1.0),22/01/26 11:00:00,Annual,Number,Total,Total,Austria,2019,8858775,,
ESTAT:DEMO_PJAN(1.0),22/01/26 11:00:00,Annual,Number,Total,Total,Austria,2020,8901064,,
ESTAT:DEMO_PJAN(1.0),22/01/26 11:00:00,Annual,Number,Total,Total,Austria,2021,8932664,,
ESTAT:DEMO_PJAN(1.0),22/01/26 11:00:00,Annual,Number,Total,Total,Austria,2022,8978929,,
ESTAT:DEMO_PJAN(1.0),22/01/26 11:00:00,Annual,Number,Total,Total,Austria,2023,9104772,,
ESTAT:DEMO_PJAN(1.0),22/01/26 11:00:00,Annual,Number,Total,Total,Azerbaijan,2018,9898085,,
ESTAT:DEMO_PJAN(1.0),22/01/26 11:00:00,Annual,Number,Total,Total,Azerbaijan,2019,9981457,,
ESTAT:DEMO_PJAN(1.0),22/01/26 11:00:00,Annual,Number,Total,Total,Azerbaijan,2020,10067108,,
ESTAT:DEMO_PJAN(1.0),22/01/26 11:00:00,Annual,Number,Total,Total,Azerbaijan,2021,10119133,,
ESTAT:DEMO_PJAN(1.0),22/01/26 11:00:00,Annual,Number,Total,Total,Azerbaijan,2022,10156366,,
ESTAT:DEMO_PJAN(1.0),22/01/26 11:00:00,Annual,Number,Total,Total,Azerbaijan,2023,10127145,,
ESTAT:DEMO_PJAN(1.0),22/01/26 11:00:00,Annual,Number,Total,Total,Belgium,2018,11398589,,
ESTAT:DEMO_PJAN(1.0),22/01/26 11:00:00,Annual,Number,Total,Total,Belgium,2019,11455519,,
ESTAT:DEMO_PJAN(1.0),22/01/26 11:00:00,Annual,Number,Total,Total,Belgium,2020,11522440,,
ESTAT:DEMO_PJAN(1.0),22/01/26 11:00:00,Annual,Number,Total,Total,Belgium,2021,11554767,,
ESTAT:DEMO_PJAN(1.0),22/01/26 11:00:00,Annual,Number,Total,Total,Belgium,2022,11617623,,
ESTAT:DEMO_PJAN(1.0),22/01/26 11:00:00,Annual,Number,Total,Total,Belgium,2023,11742796,,
ESTAT:DEMO_PJAN(1.0),22/01/26 11:00:00,Annual,Number,Total,Total,Bulgaria,2018,6757418,,
ESTAT:DEMO_PJAN(1.0),22/01/26 11:00:00,Annual,Number,Total,Total,Bulgaria,2019,6664177,,
ESTAT:DEMO_PJAN(1.0),22/01/26 11:00:00,Annual,Number,Total,Total,Bulgaria,2020,6569275,,
ESTAT:DEMO_PJAN(1.0),22/01/26 11:00:00,Annual,Number,Total,Total,Bulgaria,2021,6532117,,
ESTAT:DEMO_PJAN(1.0),22/01/26 11:00:00,Annual,Number,Total,Total,Bulgaria,2022,6482484,,
ESTAT:DEMO_PJAN(1.0),22/01/26 11:00:00,Annual,Number,Total,Total,Bulgaria,2023,6447710,,
ESTAT:DEMO_PJAN(1.0),22/01/26 11:00:00,Annual,Number,Total,Total,Belarus,2018,9491823,,
ESTAT:DEMO_PJAN(1.0),22/01/26 11:00:00,Annual,Number,Total,Total,Belarus,2019,9475174,,
ESTAT:DEMO_PJAN(1.0),22/01/26 11:00:00,Annual,Number,Total,Total,Switzerland,2018,8484130,,
ESTAT:DEMO_PJAN(1.0),22/01/26 11:00:00,Annual,Number,Total,Total,Switzerland,2019,8544527,,
ESTAT:DEMO_PJAN(1.0),22/01/26 11:00:00,Annual,Number,Total,Total,Switzerland,2020,8606033,,
ESTAT:DEMO_PJAN(1.0),22/01/26 11:00:00,Annual,Number,Total,Total,Switzerland,2021,8670300,,
ESTAT:DEMO_PJAN(1.0),22/01/26 11:00:00,Annual,Number,Total,Total,Switzerland,2022,8738791,,
ESTAT:DEMO_PJAN(1.0),22/01/26 11:00:00,Annual,Number,Total,Total,Switzerland,2023,8815385,,
ESTAT:DEMO_PJAN(1.0),22/01/26 11:00:00,Annual,Number,Total,Total,Cyprus,2018,878601,,
ESTAT:DEMO_PJAN(1.0),22/01/26 11:00:00,Annual,Number,Total,Total,Cyprus,2019,890194,,
ESTAT:DEMO_PJAN(1.0),22/01/26 11:00:00,Annual,Number,Total,Total,Cyprus,2020,902429,,
ESTAT:DEMO_PJAN(1.0),22/01/26 11:00:00,Annual,Number,Total,Total,Cyprus,2021,914476,,
ESTAT:DEMO_PJAN(1.0),22/01/26 11:00:00,Annual,Number,Total,Total,Cyprus,2022,929764,,
ESTAT:DEMO_PJAN(1.0),22/01/26 11:00:00,Annual,Number,Total,Total,Cyprus,2023,949084,,
ESTAT:DEMO_PJAN(1.0),22/01/26 11:00:00,Annual,Number,Total,Total,Czechia,2018,10610055,,
ESTAT:DEMO_PJAN(1.0),22/01/26 11:00:00,Annual,Number,Total,Total,Czechia,2019,10649800,,
ESTAT:DEMO_PJAN(1.0),22/01/26 11:00:00,Annual,Number,Total,Total,Czechia,2020,10693939,,
ESTAT:DEMO_PJAN(1.0),22/01/26 11:00:00,Annual,Number,Total,Total,Czechia,2021,10494836,b,
ESTAT:DEMO_PJAN(1.0),22/01/26 11:00:00,Annual,Number,Total,Total,Czechia,2022,10516707,,
ESTAT:DEMO_PJAN(1.0),22/01/26 11:00:00,Annual,Number,Total,Total,Czechia,2023,10827529,,
ESTAT:DEMO_PJAN(1.0),22/01/26 11:00:00,Annual,Number,Total,Total,Germany,2018,82792351,,
ESTAT:DEMO_PJAN(1.0),22/01/26 11:00:00,Annual,Number,Total,Total,Germany,2019,83019213,,
ESTAT:DEMO_PJAN(1.0),22/01/26 11:00:00,Annual,Number,Total,Total,Germany,2020,83166711,,
ESTAT:DEMO_PJAN(1.0),22/01/26 11:00:00,Annual,Number,Total,Total,Germany,2021,83155031,,
ESTAT:DEMO_PJAN(1.0),22/01/26 11:00:00,Annual,Number,Total,Total,Germany,2022,83237124,,
ESTAT:DEMO_PJAN(1.0),22/01/26 11:00:00,Annual,Number,Total,Total,Germany,2023,83118501,b,
ESTAT:DEMO_PJAN(1.0),22/01/26 11:00:00,Annual,Number,Total,Total,Germany including former GDR,2018,82792351,,
ESTAT:DEMO_PJAN(1.0),22/01/26 11:00:00,Annual,Number,Total,Total,Germany including former GDR,2019,83019213,,
ESTAT:DEMO_PJAN(1.0),22/01/26 11:00:00,Annual,Number,Total,Total,Germany including former GDR,2020,83166711,,
ESTAT:DEMO_PJAN(1.0),22/01/26 11:00:00,Annual,Number,Total,Total,Germany including former GDR,2021,83155031,,
ESTAT:DEMO_PJAN(1.0),22/01/26 11:00:00,Annual,Number,Total,Total,Germany including former GDR,2022,83237124,,
ESTAT:DEMO_PJAN(1.0),22/01/26 11:00:00,Annual,Number,Total,Total,Germany including former GDR,2023,83118501,b,
ESTAT:DEMO_PJAN(1.0),22/01/26 11:00:00,Annual,Number,Total,Total,Denmark,2018,5781190,,
ESTAT:DEMO_PJAN(1.0),22/01/26 11:00:00,Annual,Number,Total,Total,Denmark,2019,5806081,,
ESTAT:DEMO_PJAN(1.0),22/01/26 11:00:00,Annual,Number,Total,Total,Denmark,2020,5822763,,
ESTAT:DEMO_PJAN(1.0),22/01/26 11:00:00,Annual,Number,Total,Total,Denmark,2021,5840045,,
ESTAT:DEMO_PJAN(1.0),22/01/26 11:00:00,Annual,Number,Total,Total,Denmark,2022,5873420,,
ESTAT:DEMO_PJAN(1.0),22/01/26 11:00:00,Annual,Number,Total,Total,Denmark,2023,5932654,,
ESTAT:DEMO_PJAN(1.0),22/01/26 11:00:00,Annual,Number,Total,Total,Estonia,2018,1319133,,
ESTAT:DEMO_PJAN(1.0),22/01/26 11:00:00,Annual,Number,Total,Total,Estonia,2019,1324820,,
ESTAT:DEMO_PJAN(1.0),22/01/26 11:00:00,Annual,Number,Total,Total,Estonia,2020,1328976,,
ESTAT:DEMO_PJAN(1.0),22/01/26 11:00:00,Annual,Number,Total,Total,Estonia,2021,1330068,,
ESTAT:DEMO_PJAN(1.0),22/01/26 11:00:00,Annual,Number,Total,Total,Estonia,2022,1331796,,
ESTAT:DEMO_PJAN(1.0),22/01/26 11:00:00,Annual,Number,Total,Total,Estonia,2023,1365884,,
ESTAT:DEMO_PJAN(1.0),22/01/26 11:00:00,Annual,Number,Total,Total,"European Economic Area (EU27 - 2007-2013 and IS, LI, NO)",2018,513228429,e,
ESTAT:DEMO_PJAN(1.0),22/01/26 11:00:00,Annual,Number,Total,Total,"European Economic Area (EU27 - 2007-2013 and IS, LI, NO)",2019,514537646,b,
ESTAT:DEMO_PJAN(1.0),22/01/26 11:00:00,Annual,Number,Total,Total,"European Economic Area (EU27 - 2007-2013 and IS, LI, NO)",2020,515878092,e,
ESTAT:DEMO_PJAN(1.0),22/01/26 11:00:00,Annual,Number,Total,Total,"European Economic Area (EU28 - 2013-2020 and IS, LI, NO)",2018,517257135,e,
ESTAT:DEMO_PJAN(1.0),22/01/26 11:00:00,Annual,Number,Total,Total,"European Economic Area (EU28 - 2013-2020 and IS, LI, NO)",2019,518520617,,
ESTAT:DEMO_PJAN(1.0),22/01/26 11:00:00,Annual,Number,Total,Total,"European Economic Area (EU28 - 2013-2020 and IS, LI, NO)",2020,519826027,e,
ESTAT:DEMO_PJAN(1.0),22/01/26 11:00:00,Annual,Number,Total,Total,European Free Trade Association,2018,14166313,,
ESTAT:DEMO_PJAN(1.0),22/01/26 11:00:00,Annual,Number,Total,Total,European Free Trade Association,2019,14268108,,
ESTAT:DEMO_PJAN(1.0),22/01/26 11:00:00,Annual,Number,Total,Total,European Free Trade Association,2020,14376494,,
ESTAT:DEMO_PJAN(1.0),22/01/26 11:00:00,Annual,Number,Total,Total,European Free Trade Association,2021,14469516,,
ESTAT:DEMO_PJAN(1.0),22/01/26 11:00:00,Annual,Number,Total,Total,European Free Trade Association,2022,14579617,,
ESTAT:DEMO_PJAN(1.0),22/01/26 11:00:00,Annual,Number,Total,Total,European Free Trade Association,2023,14731804,,
ESTAT:DEMO_PJAN(1.0),22/01/26 11:00:00,Annual,Number,Total,Total,Greece,2018,10741165,,
ESTAT:DEMO_PJAN(1.0),22/01/26 11:00:00,Annual,Number,Total,Total,Greece,2019,10724599,,
ESTAT:DEMO_PJAN(1.0),22/01/26 11:00:00,Annual,Number,Total,Total,Greece,2020,10718565,,
ESTAT:DEMO_PJAN(1.0),22/01/26 11:00:00,Annual,Number,Total,Total,Greece,2021,10678632,,
ESTAT:DEMO_PJAN(1.0),22/01/26 11:00:00,Annual,Number,Total,Total,Greece,2022,10461627,b,
ESTAT:DEMO_PJAN(1.0),22/01/26 11:00:00,Annual,Number,Total,Total,Greece,2023,10413982,,
ESTAT:DEMO_PJAN(1.0),22/01/26 11:00:00,Annual,Number,Total,Total,Spain,2018,46645070,,
ESTAT:DEMO_PJAN(1.0),22/01/26 11:00:00,Annual,Number,Total,Total,Spain,2019,46918951,,
ESTAT:DEMO_PJAN(1.0),22/01/26 11:00:00,Annual,Number,Total,Total,Spain,2020,47318050,,
ESTAT:DEMO_PJAN(1.0),22/01/26 11:00:00,Annual,Number,Total,Total,Spain,2021,47400798,,
ESTAT:DEMO_PJAN(1.0),22/01/26 11:00:00,Annual,Number,Total,Total,Spain,2022,47486843,,
ESTAT:DEMO_PJAN(1.0),22/01/26 11:00:00,Annual,Number,Total,Total,Spain,2023,48085361,,
ESTAT:DEMO_PJAN(1.0),22/01/26 11:00:00,Annual,Number,Total,Total,Finland,2018,5513130,,
ESTAT:DEMO_PJAN(1.0),22/01/26 11:00:00,Annual,Number,Total,Total,Finland,2019,5517919,,
ESTAT:DEMO_PJAN(1.0),22/01/26 11:00:00,Annual,Number,Total,Total,Finland,2020,5525292,,
ESTAT:DEMO_PJAN(1.0),22/01/26 11:00:00,Annual,Number,Total,Total,Finland,2021,5533793,,
ESTAT:DEMO_PJAN(1.0),22/01/26 11:00:00,Annual,Number,Total,Total,Finland,2022,5548241,,
ESTAT:DEMO_PJAN(1.0),22/01/26 11:00:00,Annual,Number,Total,Total,Finland,2023,5563970,,
ESTAT:DEMO_PJAN(1.0),22/01/26 11:00:00,Annual,Number,Total,Total,France,2018,67026224,p,
ESTAT:DEMO_PJAN(1.0),22/01/26 11:00:00,Annual,Number,Total,Total,France,2019,67290471,,
ESTAT:DEMO_PJAN(1.0),22/01/26 11:00:00,Annual,Number,Total,Total,France,2020,67473651,,
ESTAT:DEMO_PJAN(1.0),22/01/26 11:00:00,Annual,Number,Total,Total,France,2021,67728568,,
ESTAT:DEMO_PJAN(1.0),22/01/26 11:00:00,Annual,Number,Total,Total,France,2022,68091703,,
ESTAT:DEMO_PJAN(1.0),22/01/26 11:00:00,Annual,Number,Total,Total,France,2023,68277210,p,
ESTAT:DEMO_PJAN(1.0),22/01/26 11:00:00,Annual,Number,Total,Total,Georgia,2018,3729633,,
ESTAT:DEMO_PJAN(1.0),22/01/26 11:00:00,Annual,Number,Total,Total,Georgia,2019,3723464,,
ESTAT:DEMO_PJAN(1.0),22/01/26 11:00:00,Annual,Number,Total,Total,Georgia,2020,3716858,,
ESTAT:DEMO_PJAN(1.0),22/01/26 11:00:00,Annual,Number,Total,Total,Georgia,2021,3728573,,
ESTAT:DEMO_PJAN(1.0),22/01/26 11:00:00,Annual,Number,Total,Total,Georgia,2022,3688647,,
ESTAT:DEMO_PJAN(1.0),22/01/26 11:00:00,Annual,Number,Total,Total,Georgia,2023,3736357,,
ESTAT:DEMO_PJAN(1.0),22/01/26 11:00:00,Annual,Number,Total,Total,Croatia,2018,4014341,,
ESTAT:DEMO_PJAN(1.0),22/01/26 11:00:00,Annual,Number,Total,Total,Croatia,2019,3968676,,
ESTAT:DEMO_PJAN(1.0),22/01/26 11:00:00,Annual,Number,Total,Total,Croatia,2020,3933511,,
ESTAT:DEMO_PJAN(1.0),22/01/26 11:00:00,Annual,Number,Total,Total,Croatia,2021,3893026,,
ESTAT:DEMO_PJAN(1.0),22/01/26 11:00:00,Annual,Number,Total,Total,Croatia,2022,3862305,,
ESTAT:DEMO_PJAN(1.0),22/01/26 11:00:00,Annual,Number,Total,Total,Croatia,2023,3850894,,
ESTAT:DEMO_PJAN(1.0),22/01/26 11:00:00,Annual,Number,Total,Total,Hungary,2018,9713655,,
ESTAT:DEMO_PJAN(1.0),22/01/26 11:00:00,Annual,Number,Total,Total,Hungary,2019,9700272,,
ESTAT:DEMO_PJAN(1.0),22/01/26 11:00:00,Annual,Number,Total,Total,Hungary,2020,9689376,,
ESTAT:DEMO_PJAN(1.0),22/01/26 11:00:00,Annual,Number,Total,Total,Hungary,2021,9651461,,
ESTAT:DEMO_PJAN(1.0),22/01/26 11:00:00,Annual,Number,Total,Total,Hungary,2022,9610403,,
ESTAT:DEMO_PJAN(1.0),22/01/26 11:00:00,Annual,Number,Total,Total,Hungary,2023,9599744,,
ESTAT:DEMO_PJAN(1.0),22/01/26 11:00:00,Annual,Number,Total,Total,Ireland,2018,4855733,,
ESTAT:DEMO_PJAN(1.0),22/01/26 11:00:00,Annual,Number,Total,Total,Ireland,2019,4940311,,
ESTAT:DEMO_PJAN(1.0),22/01/26 11:00:00,Annual,Number,Total,Total,Ireland,2020,5012600,,
ESTAT:DEMO_PJAN(1.0),22/01/26 11:00:00,Annual,Number,Total,Total,Ireland,2021,5066893,,
ESTAT:DEMO_PJAN(1.0),22/01/26 11:00:00,Annual,Number,Total,Total,Ireland,2022,5154277,,
ESTAT:DEMO_PJAN(1.0),22/01/26 11:00:00,Annual,Number,Total,Total,Ireland,2023,5271395,,
ESTAT:DEMO_PJAN(1.0),22/01/26 11:00:00,Annual,Number,Total,Total,Iceland,2018,348450,,
ESTAT:DEMO_PJAN(1.0),22/01/26 11:00:00,Annual,Number,Total,Total,Iceland,2019,356991,,
ESTAT:DEMO_PJAN(1.0),22/01/26 11:00:00,Annual,Number,Total,Total,Iceland,2020,364134,,
ESTAT:DEMO_PJAN(1.0),22/01/26 11:00:00,Annual,Number,Total,Total,Iceland,2021,368792,,
ESTAT:DEMO_PJAN(1.0),22/01/26 11:00:00,Annual,Number,Total,Total,Iceland,2022,376248,,
ESTAT:DEMO_PJAN(1.0),22/01/26 11:00:00,Annual,Number,Total,Total,Iceland,2023,387758,,
ESTAT:DEMO_PJAN(1.0),22/01/26 11:00:00,Annual,Number,Total,Total,Italy,2018,59937769,,
ESTAT:DEMO_PJAN(1.0),22/01/26 11:00:00,Annual,Number,Total,Total,Italy,2019,59816673,b,
ESTAT:DEMO_PJAN(1.0),22/01/26 11:00:00,Annual,Number,Total,Total,Italy,2020,59641488,,
ESTAT:DEMO_PJAN(1.0),22/01/26 11:00:00,Annual,Number,Total,Total,Italy,2021,59236213,,
ESTAT:DEMO_PJAN(1.0),22/01/26 11:00:00,Annual,Number,Total,Total,Italy,2022,59030133,,
ESTAT:DEMO_PJAN(1.0),22/01/26 11:00:00,Annual,Number,Total,Total,Italy,2023,58997201,,
ESTAT:DEMO_PJAN(1.0),22/01/26 11:00:00,Annual,Number,Total,Total,Liechtenstein,2018,38114,,
ESTAT:DEMO_PJAN(1.0),22/01/26 11:00:00,Annual,Number,Total,Total,Liechtenstein,2019,38378,,
ESTAT:DEMO_PJAN(1.0),22/01/26 11:00:00,Annual,Number,Total,Total,Liechtenstein,2020,38747,,
ESTAT:DEMO_PJAN(1.0),22/01/26 11:00:00,Annual,Number,Total,Total,Liechtenstein,2021,39055,,
ESTAT:DEMO_PJAN(1.0),22/01/26 11:00:00,Annual,Number,Total,Total,Liechtenstein,2022,39308,,
ESTAT:DEMO_PJAN(1.0),22/01/26 11:00:00,Annual,Number,Total,Total,Liechtenstein,2023,39677,,
ESTAT:DEMO_PJAN(1.0),22/01/26 11:00:00,Annual,Number,Total,Total,Lithuania,2018,2826200,,
ESTAT:DEMO_PJAN(1.0),22/01/26 11:00:00,Annual,Number,Total,Total,Lithuania,2019,2812200,,
ESTAT:DEMO_PJAN(1.0),22/01/26 11:00:00,Annual,Number,Total,Total,Lithuania,2020,2809977,,
ESTAT:DEMO_PJAN(1.0),22/01/26 11:00:00,Annual,Number,Total,Total,Lithuania,2021,2810761,,
ESTAT:DEMO_PJAN(1.0),22/01/26 11:00:00,Annual,Number,Total,Total,Lithuania,2022,2805998,,
ESTAT:DEMO_PJAN(1.0),22/01/26 11:00:00,Annual,Number,Total,Total,Lithuania,2023,2857279,,
ESTAT:DEMO_PJAN(1.0),22/01/26 11:00:00,Annual,Number,Total,Total,Luxembourg,2018,602005,,
ESTAT:DEMO_PJAN(1.0),22/01/26 11:00:00,Annual,Number,Total,Total,Luxembourg,2019,613894,,
ESTAT:DEMO_PJAN(1.0),22/01/26 11:00:00,Annual,Number,Total,Total,Luxembourg,2020,626108,,
ESTAT:DEMO_PJAN(1.0),22/01/26 11:00:00,Annual,Number,Total,Total,Luxembourg,2021,634730,,
ESTAT:DEMO_PJAN(1.0),22/01/26 11:00:00,Annual,Number,Total,Total,Luxembourg,2022,645397,,
ESTAT:DEMO_PJAN(1.0),22/01/26 11:00:00,Annual,Number,Total,Total,Luxembourg,2023,660809,,
ESTAT:DEMO_PJAN(1.0),22/01/26 11:00:00,Annual,Number,Total,Total,Latvia,2018,1934379,,
ESTAT:DEMO_PJAN(1.0),22/01/26 11:00:00,Annual,Number,Total,Total,Latvia,2019,1919968,,
ESTAT:DEMO_PJAN(1.0),22/01/26 11:00:00,Annual,Number,Total,Total,Latvia,2020,1907675,,
ESTAT:DEMO_PJAN(1.0),22/01/26 11:00:00,Annual,Number,Total,Total,Latvia,2021,1893223,,
ESTAT:DEMO_PJAN(1.0),22/01/26 11:00:00,Annual,Number,Total,Total,Latvia,2022,1875757,,
ESTAT:DEMO_PJAN(1.0),22/01/26 11:00:00,Annual,Number,Total,Total,Latvia,2023,1883008,,
ESTAT:DEMO_PJAN(1.0),22/01/26 11:00:00,Annual,Number,Total,Total,Moldova,2018,2780744,e,
ESTAT:DEMO_PJAN(1.0),22/01/26 11:00:00,Annual,Number,Total,Total,Moldova,2019,2729634,e,
ESTAT:DEMO_PJAN(1.0),22/01/26 11:00:00,Annual,Number,Total,Total,Moldova,2020,2684772,e,
ESTAT:DEMO_PJAN(1.0),22/01/26 11:00:00,Annual,Number,Total,Total,Moldova,2021,2643675,e,
ESTAT:DEMO_PJAN(1.0),22/01/26 11:00:00,Annual,Number,Total,Total,Moldova,2022,2565030,e,
ESTAT:DEMO_PJAN(1.0),22/01/26 11:00:00,Annual,Number,Total,Total,Moldova,2023,2512758,ep,
ESTAT:DEMO_PJAN(1.0),22/01/26 11:00:00,Annual,Number,Total,Total,Montenegro,2018,622359,,
ESTAT:DEMO_PJAN(1.0),22/01/26 11:00:00,Annual,Number,Total,Total,Montenegro,2019,622182,,
ESTAT:DEMO_PJAN(1.0),22/01/26 11:00:00,Annual,Number,Total,Total,Montenegro,2020,621873,,
ESTAT:DEMO_PJAN(1.0),22/01/26 11:00:00,Annual,Number,Total,Total,Montenegro,2021,620739,,
ESTAT:DEMO_PJAN(1.0),22/01/26 11:00:00,Annual,Number,Total,Total,Montenegro,2022,617683,,
ESTAT:DEMO_PJAN(1.0),22/01/26 11:00:00,Annual,Number,Total,Total,Montenegro,2023,616695,,
ESTAT:DEMO_PJAN(1.0),22/01/26 11:00:00,Annual,Number,Total,Total,North Macedonia,2018,2075301,,
ESTAT:DEMO_PJAN(1.0),22/01/26 11:00:00,Annual,Number,Total,Total,North Macedonia,2019,2077132,,
ESTAT:DEMO_PJAN(1.0),22/01/26 11:00:00,Annual,Number,Total,Total,North Macedonia,2020,2076255,,
ESTAT:DEMO_PJAN(1.0),22/01/26 11:00:00,Annual,Number,Total,Total,North Macedonia,2021,2068808,,
ESTAT:DEMO_PJAN(1.0),22/01/26 11:00:00,Annual,Number,Total,Total,North Macedonia,2022,1837114,b,
ESTAT:DEMO_PJAN(1.0),22/01/26 11:00:00,Annual,Number,Total,Total,North Macedonia,2023,1829954,,
ESTAT:DEMO_PJAN(1.0),22/01/26 11:00:00,Annual,Number,Total,Total,Malta,2018,474837,,
ESTAT:DEMO_PJAN(1.0),22/01/26 11:00:00,Annual,Number,Total,Total,Malta,2019,492968,,
ESTAT:DEMO_PJAN(1.0),22/01/26 11:00:00,Annual,Number,Total,Total,Malta,2020,514855,,
ESTAT:DEMO_PJAN(1.0),22/01/26 11:00:00,Annual,Number,Total,Total,Malta,2021,516125,,
ESTAT:DEMO_PJAN(1.0),22/01/26 11:00:00,Annual,Number,Total,Total,Malta,2022,520174,,
ESTAT:DEMO_PJAN(1.0),22/01/26 11:00:00,Annual,Number,Total,Total,Malta,2023,542051,,
ESTAT:DEMO_PJAN(1.0),22/01/26 11:00:00,Annual,Number,Total,Total,Netherlands,2018,17181084,,
ESTAT:DEMO_PJAN(1.0),22/01/26 11:00:00,Annual,Number,Total,Total,Netherlands,2019,17282163,,
ESTAT:DEMO_PJAN(1.0),22/01/26 11:00:00,Annual,Number,Total,Total,Netherlands,2020,17407585,,
ESTAT:DEMO_PJAN(1.0),22/01/26 11:00:00,Annual,Number,Total,Total,Netherlands,2021,17475415,,
ESTAT:DEMO_PJAN(1.0),22/01/26 11:00:00,Annual,Number,Total,Total,Netherlands,2022,17590672,,
ESTAT:DEMO_PJAN(1.0),22/01/26 11:00:00,Annual,Number,Total,Total,Netherlands,2023,17811291,,
ESTAT:DEMO_PJAN(1.0),22/01/26 11:00:00,Annual,Number,Total,Total,Norway,2018,5295619,,
ESTAT:DEMO_PJAN(1.0),22/01/26 11:00:00,Annual,Number,Total,Total,Norway,2019,5328212,,
ESTAT:DEMO_PJAN(1.0),22/01/26 11:00:00,Annual,Number,Total,Total,Norway,2020,5367580,,
ESTAT:DEMO_PJAN(1.0),22/01/26 11:00:00,Annual,Number,Total,Total,Norway,2021,5391369,,
ESTAT:DEMO_PJAN(1.0),22/01/26 11:00:00,Annual,Number,Total,Total,Norway,2022,5425270,,
ESTAT:DEMO_PJAN(1.0),22/01/26 11:00:00,Annual,Number,Total,Total,Norway,2023,5488984,,
ESTAT:DEMO_PJAN(1.0),22/01/26 11:00:00,Annual,Number,Total,Total,Poland,2018,37976687,,
ESTAT:DEMO_PJAN(1.0),22/01/26 11:00:00,Annual,Number,Total,Total,Poland,2019,37972812,,
ESTAT:DEMO_PJAN(1.0),22/01/26 11:00:00,Annual,Number,Total,Total,Poland,2020,37958138,,
ESTAT:DEMO_PJAN(1.0),22/01/26 11:00:00,Annual,Number,Total,Total,Poland,2021,37073357,bep,
ESTAT:DEMO_PJAN(1.0),22/01/26 11:00:00,Annual,Number,Total,Total,Poland,2022,36889761,ep,
ESTAT:DEMO_PJAN(1.0),22/01/26 11:00:00,Annual,Number,Total,Total,Poland,2023,36753736,ep,
ESTAT:DEMO_PJAN(1.0),22/01/26 11:00:00,Annual,Number,Total,Total,Portugal,2018,10335770,,
ESTAT:DEMO_PJAN(1.0),22/01/26 11:00:00,Annual,Number,Total,Total,Portugal,2019,10333496,,
ESTAT:DEMO_PJAN(1.0),22/01/26 11:00:00,Annual,Number,Total,Total,Portugal,2020,10375395,,
ESTAT:DEMO_PJAN(1.0),22/01/26 11:00:00,Annual,Number,Total,Total,Portugal,2021,10394297,,
ESTAT:DEMO_PJAN(1.0),22/01/26 11:00:00,Annual,Number,Total,Total,Portugal,2022,10421117,,
ESTAT:DEMO_PJAN(1.0),22/01/26 11:00:00,Annual,Number,Total,Total,Portugal,2023,10516621,,
ESTAT:DEMO_PJAN(1.0),22/01/26 11:00:00,Annual,Number,Total,Total,Romania,2018,19533481,,
ESTAT:DEMO_PJAN(1.0),22/01/26 11:00:00,Annual,Number,Total,Total,Romania,2019,19414458,,
ESTAT:DEMO_PJAN(1.0),22/01/26 11:00:00,Annual,Number,Total,Total,Romania,2020,19328838,e,
ESTAT:DEMO_PJAN(1.0),22/01/26 11:00:00,Annual,Number,Total,Total,Romania,2021,19201662,,
ESTAT:DEMO_PJAN(1.0),22/01/26 11:00:00,Annual,Number,Total,Total,Romania,2022,19042455,e,
ESTAT:DEMO_PJAN(1.0),22/01/26 11:00:00,Annual,Number,Total,Total,Romania,2023,19054548,e,
ESTAT:DEMO_PJAN(1.0),22/01/26 11:00:00,Annual,Number,Total,Total,Serbia,2018,7001444,,
ESTAT:DEMO_PJAN(1.0),22/01/26 11:00:00,Annual,Number,Total,Total,Serbia,2019,6963764,,
ESTAT:DEMO_PJAN(1.0),22/01/26 11:00:00,Annual,Number,Total,Total,Serbia,2020,6926705,,
ESTAT:DEMO_PJAN(1.0),22/01/26 11:00:00,Annual,Number,Total,Total,Serbia,2021,6871547,,
ESTAT:DEMO_PJAN(1.0),22/01/26 11:00:00,Annual,Number,Total,Total,Serbia,2022,6797105,,
ESTAT:DEMO_PJAN(1.0),22/01/26 11:00:00,Annual,Number,Total,Total,Serbia,2023,6641197,b,
ESTAT:DEMO_PJAN(1.0),22/01/26 11:00:00,Annual,Number,Total,Total,Sweden,2018,10120242,,
ESTAT:DEMO_PJAN(1.0),22/01/26 11:00:00,Annual,Number,Total,Total,Sweden,2019,10230185,,
ESTAT:DEMO_PJAN(1.0),22/01/26 11:00:00,Annual,Number,Total,Total,Sweden,2020,10327589,,
ESTAT:DEMO_PJAN(1.0),22/01/26 11:00:00,Annual,Number,Total,Total,Sweden,2021,10379295,,
ESTAT:DEMO_PJAN(1.0),22/01/26 11:00:00,Annual,Number,Total,Total,Sweden,2022,10452326,,
ESTAT:DEMO_PJAN(1.0),22/01/26 11:00:00,Annual,Number,Total,Total,Sweden,2023,10521556,,
ESTAT:DEMO_PJAN(1.0),22/01/26 11:00:00,Annual,Number,Total,Total,Slovenia,2018,2066880,,
ESTAT:DEMO_PJAN(1.0),22/01/26 11:00:00,Annual,Number,Total,Total,Slovenia,2019,2080908,,
ESTAT:DEMO_PJAN(1.0),22/01/26 11:00:00,Annual,Number,Total,Total,Slovenia,2020,2095861,,
ESTAT:DEMO_PJAN(1.0),22/01/26 11:00:00,Annual,Number,Total,Total,Slovenia,2021,2108977,,
ESTAT:DEMO_PJAN(1.0),22/01/26 11:00:00,Annual,Number,Total,Total,Slovenia,2022,2107180,,
ESTAT:DEMO_PJAN(1.0),22/01/26 11:00:00,Annual,Number,Total,Total,Slovenia,2023,2116972,,
ESTAT:DEMO_PJAN(1.0),22/01/26 11:00:00,Annual,Number,Total,Total,Slovakia,2018,5443120,,
ESTAT:DEMO_PJAN(1.0),22/01/26 11:00:00,Annual,Number,Total,Total,Slovakia,2019,5450421,,
ESTAT:DEMO_PJAN(1.0),22/01/26 11:00:00,Annual,Number,Total,Total,Slovakia,2020,5457873,,
ESTAT:DEMO_PJAN(1.0),22/01/26 11:00:00,Annual,Number,Total,Total,Slovakia,2021,5459781,,
ESTAT:DEMO_PJAN(1.0),22/01/26 11:00:00,Annual,Number,Total,Total,Slovakia,2022,5434712,,
ESTAT:DEMO_PJAN(1.0),22/01/26 11:00:00,Annual,Number,Total,Total,Slovakia,2023,5428792,,
ESTAT:DEMO_PJAN(1.0),22/01/26 11:00:00,Annual,Number,Total,Total,San Marino,2018,34453,,
ESTAT:DEMO_PJAN(1.0),22/01/26 11:00:00,Annual,Number,Total,Total,Türkiye,2018,80810525,,
ESTAT:DEMO_PJAN(1.0),22/01/26 11:00:00,Annual,Number,Total,Total,Türkiye,2019,82003882,,
ESTAT:DEMO_PJAN(1.0),22/01/26 11:00:00,Annual,Number,Total,Total,Türkiye,2020,83154997,,
ESTAT:DEMO_PJAN(1.0),22/01/26 11:00:00,Annual,Number,Total,Total,Türkiye,2021,83614362,,
ESTAT:DEMO_PJAN(1.0),22/01/26 11:00:00,Annual,Number,Total,Total,Türkiye,2022,84680273,,
ESTAT:DEMO_PJAN(1.0),22/01/26 11:00:00,Annual,Number,Total,Total,Türkiye,2023,85279553,,
ESTAT:DEMO_PJAN(1.0),22/01/26 11:00:00,Annual,Number,Total,Total,Ukraine,2018,42216766,,
ESTAT:DEMO_PJAN(1.0),22/01/26 11:00:00,Annual,Number,Total,Total,Ukraine,2019,41983564,,
ESTAT:DEMO_PJAN(1.0),22/01/26 11:00:00,Annual,Number,Total,Total,Ukraine,2020,41732779,,
ESTAT:DEMO_PJAN(1.0),22/01/26 11:00:00,Annual,Number,Total,Total,Ukraine,2021,41418717,,
ESTAT:DEMO_PJAN(1.0),22/01/26 11:00:00,Annual,Number,Total,Total,Ukraine,2022,40997698,,
ESTAT:DEMO_PJAN(1.0),22/01/26 11:00:00,Annual,Number,Total,Total,United Kingdom,2018,66273576,,
ESTAT:DEMO_PJAN(1.0),22/01/26 11:00:00,Annual,Number,Total,Total,United Kingdom,2019,66647112,,
ESTAT:DEMO_PJAN(1.0),22/01/26 11:00:00,Annual,Number,Total,Total,United Kingdom,2020,67025542,p,
ESTAT:DEMO_PJAN(1.0),22/01/26 11:00:00,Annual,Number,Total,Total,Kosovo*,2018,1798506,,
ESTAT:DEMO_PJAN(1.0),22/01/26 11:00:00,Annual,Number,Total,Total,Kosovo*,2019,1795666,,
ESTAT:DEMO_PJAN(1.0),22/01/26 11:00:00,Annual,Number,Total,Total,Kosovo*,2020,1782115,,
ESTAT:DEMO_PJAN(1.0),22/01/26 11:00:00,Annual,Number,Total,Total,Kosovo*,2021,1798186,,
ESTAT:DEMO_PJAN(1.0),22/01/26 11:00:00,Annual,Number,Total,Total,Kosovo*,2022,1773971,,
